level,name,songId
1,"Unknown genre",mPLHm4Nmamg
1,"Unknown genre",AVy8oojAiUw
1,"Unknown genre",iBCPQ5xF-wc
1,"Unknown genre",8VujrEZCabw
1,"Rock music",mFoqAo4uKSI
2,"Alternative rock",mFoqAo4uKSI
1,"Rock music",Z8j5Ovz1kqo
1,"Sociological genres of music",Z8j5Ovz1kqo
2,"Heavy metal",Z8j5Ovz1kqo
2,"Hardcore punk",Z8j5Ovz1kqo
2,"Punk genres",Z8j5Ovz1kqo
3,"Death metal",Z8j5Ovz1kqo
3,Deathgrind,Z8j5Ovz1kqo
3,"Hardcore punk genres",Z8j5Ovz1kqo
3,Grindcore,Z8j5Ovz1kqo
4,Grindcore,Z8j5Ovz1kqo
5,Deathgrind,Z8j5Ovz1kqo
1,"Country music",Tks3r5Aw0Jc
1,"Rock music",Tks3r5Aw0Jc
1,"Unknown genre",Nv5aFnc3rs8
1,"Electronic music",GTSgSLIhmLo
1,"Easy listening music",GTSgSLIhmLo
1,"Pop music",GTSgSLIhmLo
2,"Easy listening",GTSgSLIhmLo
2,"Ambient music",GTSgSLIhmLo
2,Downtempo,GTSgSLIhmLo
2,Electronica,GTSgSLIhmLo
3,"Chill-out music",GTSgSLIhmLo
1,"Unknown genre",DU7JbwhuBTs
1,"Unknown genre",p57_RasFiTM
1,"Pop music",LprdMlfhZuo
1,"Rock music",LprdMlfhZuo
1,"Sociological genres of music",LprdMlfhZuo
2,"Psychedelic rock",LprdMlfhZuo
2,"Psychedelic music",LprdMlfhZuo
2,"Heavy metal",LprdMlfhZuo
3,"Psychedelic rock",LprdMlfhZuo
3,"Stoner rock",LprdMlfhZuo
4,"Stoner rock",LprdMlfhZuo
1,"Unknown genre",n_DbwY2CBVA
1,"Unknown genre",34njdHPbeMk
1,"Unknown genre",5rvI-0uMDEk
1,"Unknown genre",iB4v8y9Ud_Q
1,"Unknown genre",JcjinCFONuw
1,"Folk music",dbStiwip3Ms
1,"Rock music",5xdWW6mbUtA
2,"Heavy metal",5xdWW6mbUtA
3,"Death metal",5xdWW6mbUtA
3,"Technical death metal",5xdWW6mbUtA
1,"Unknown genre",cdarPmxWw6k
1,"Pop music",yWrRscLh4Js
1,"Rock music",yWrRscLh4Js
1,"Sociological genres of music",yWrRscLh4Js
2,"Punk genres",yWrRscLh4Js
2,"Pop punk",yWrRscLh4Js
2,"Musical subcultures",yWrRscLh4Js
2,"Punk rock",yWrRscLh4Js
3,"Pop punk",yWrRscLh4Js
3,Punk,yWrRscLh4Js
3,"Ska punk",yWrRscLh4Js
4,"Punk genres",yWrRscLh4Js
5,"Pop punk",yWrRscLh4Js
5,"Punk rock",yWrRscLh4Js
5,"Ska punk",yWrRscLh4Js
1,"Unknown genre",r-C4pqh4GyU
1,"Unknown genre",ScYnxyMTA_0
1,"Unknown genre",ar5aQxevZ4o
1,"Rock music",f_JnpIOrivg
1,"Unknown genre",MNasfglHPlQ
1,"Rock music",q8HV32AkLqA
1,"Unknown genre",CSVnzZ94WsA
1,"Unknown genre",kWCe23fM7QA
1,"Rock music",1jWyngcf12k
1,"Country music",1jWyngcf12k
2,"Soft rock",1jWyngcf12k
1,"Pop music",N42Emp4hsp4
1,"Rock music",N42Emp4hsp4
1,"Dance music",N42Emp4hsp4
1,"Electronic music",N42Emp4hsp4
1,"Sociological genres of music",N42Emp4hsp4
2,"New wave music",N42Emp4hsp4
2,"Musical subcultures",N42Emp4hsp4
2,"Electronic dance music",N42Emp4hsp4
2,"Dance music by subgenre",N42Emp4hsp4
3,Punk,N42Emp4hsp4
3,"Electronic dance music",N42Emp4hsp4
4,"Punk genres",N42Emp4hsp4
5,"New wave music",N42Emp4hsp4
1,"Unknown genre",fpYLPKu99xY
1,"Unknown genre",sIydZTfmSbw
1,"Unknown genre",_7GvtIO0kSU
1,"Pop music",MM9zavhXyjg
1,"Rock music",MM9zavhXyjg
1,"Sociological genres of music",MM9zavhXyjg
2,"Psychedelic rock",MM9zavhXyjg
2,"Psychedelic music",MM9zavhXyjg
2,"Progressive rock",MM9zavhXyjg
3,"Psychedelic rock",MM9zavhXyjg
1,"Rock music",FV_dv3YF4iI
2,"Heavy metal music",FV_dv3YF4iI
2,"Heavy metal",FV_dv3YF4iI
2,"Alternative rock",FV_dv3YF4iI
3,"Alternative metal",FV_dv3YF4iI
3,"Nu metal",FV_dv3YF4iI
1,"Unknown genre",l2lP1aiV_zE
1,"Sociological genres of music",tHvkjJyuyoM
1,"Rock music",tHvkjJyuyoM
1,"Pop music",tHvkjJyuyoM
2,"Heavy metal",tHvkjJyuyoM
2,"Hardcore punk",tHvkjJyuyoM
2,"Psychedelic rock",tHvkjJyuyoM
2,"Psychedelic music",tHvkjJyuyoM
2,"Alternative rock",tHvkjJyuyoM
2,"Hard rock",tHvkjJyuyoM
3,Metalcore,tHvkjJyuyoM
3,"Sludge metal[1]",tHvkjJyuyoM
3,"Sludge metal[2]",tHvkjJyuyoM
3,"Psychedelic rock",tHvkjJyuyoM
3,"Stoner rock",tHvkjJyuyoM
3,"Alternative metal",tHvkjJyuyoM
4,"Stoner rock",tHvkjJyuyoM
1,"Unknown genre",ARbc2_4vIqs
1,"Unknown genre",1Xklo82cEoY
1,"Unknown genre",JMMG1LgkuTI
1,"Unknown genre",7lb-QWt6jLs
1,Blues,7eUsSXXc8wU
1,"Rock music",7eUsSXXc8wU
1,"Folk music",7eUsSXXc8wU
1,"Country music",7eUsSXXc8wU
2,"Blues rock",7eUsSXXc8wU
2,"Hard rock",7eUsSXXc8wU
2,"Folk rock",7eUsSXXc8wU
2,"Country rock",7eUsSXXc8wU
1,"Unknown genre",JvnZgrE_Feg
1,"Electronic music",1MMNTUtVIvw
1,"Easy listening music",1MMNTUtVIvw
1,"Pop music",1MMNTUtVIvw
1,"Sociological genres of music",1MMNTUtVIvw
2,"Easy listening",1MMNTUtVIvw
2,"Ambient music",1MMNTUtVIvw
2,"Electronic dance music",1MMNTUtVIvw
2,"Musical subcultures",1MMNTUtVIvw
3,Breakbeat,1MMNTUtVIvw
3,"Trance music",1MMNTUtVIvw
3,"House music",1MMNTUtVIvw
1,"Country music",45rSqrvma30
1,"Rock music",45rSqrvma30
1,"Sociological genres of music",45rSqrvma30
2,Rockabilly,45rSqrvma30
2,"Bakersfield sound",45rSqrvma30
2,"Musical subcultures",45rSqrvma30
2,"Outlaw country",45rSqrvma30
3,"Bakersfield sound",45rSqrvma30
3,Rockabilly,45rSqrvma30
4,"Bakersfield sound",45rSqrvma30
1,"Rock music",wzuO9y-sPmM
1,"Pop music",wzuO9y-sPmM
2,"Alternative rock",wzuO9y-sPmM
2,"Pop rock",wzuO9y-sPmM
1,"Unknown genre",HKO20C8VreE
1,"Unknown genre",xN0QAJhDekY
1,"Unknown genre",9gX9zeN34z8
1,"Unknown genre",HDDuT67ULqU
1,"Unknown genre",0GHMG4ltVSs
1,"Rock music",XbL_WitD3_Y
1,"Sociological genres of music",XbL_WitD3_Y
2,"Alternative rock",XbL_WitD3_Y
2,"Heavy metal",XbL_WitD3_Y
2,"Punk genres",XbL_WitD3_Y
2,"Hardcore punk",XbL_WitD3_Y
2,"Heavy metal music",XbL_WitD3_Y
2,"Hard rock",XbL_WitD3_Y
2,"Punk rock",XbL_WitD3_Y
2,"Musical subcultures",XbL_WitD3_Y
3,"Alternative metal",XbL_WitD3_Y
3,"Thrash metal",XbL_WitD3_Y
3,"Melodic hardcore",XbL_WitD3_Y
3,"Hardcore punk genres",XbL_WitD3_Y
3,"Hardcore punk[1]",XbL_WitD3_Y
3,"Hardcore punk[2]",XbL_WitD3_Y
3,Punk,XbL_WitD3_Y
4,"Melodic hardcore",XbL_WitD3_Y
4,"Punk genres",XbL_WitD3_Y
5,"Punk rock",XbL_WitD3_Y
1,"Unknown genre",MrmXsbwvQ7g
1,"Unknown genre",z5mL3laYlbo
1,"Pop music",e6osYzTQMEA
1,"Unknown genre",uxqcnGgHXkA
1,"Pop music",aav5kN-7KkM
2,"Latin pop",aav5kN-7KkM
1,"Folk music",n7YzhgtAlWM
1,"Pop music",n7YzhgtAlWM
1,"Sociological genres of music",n7YzhgtAlWM
2,Singer-songwriter,n7YzhgtAlWM
1,"Unknown genre",vhKkGg30ZzI
1,"Unknown genre",IQJ6t-Q40UI
1,"Unknown genre",GCgBQltmPHE
1,"Sociological genres of music",9Lh0oeXkelQ
1,"Rock music",9Lh0oeXkelQ
2,"Punk genres",9Lh0oeXkelQ
2,"Hardcore punk",9Lh0oeXkelQ
2,"Heavy metal",9Lh0oeXkelQ
3,"Hardcore punk[1]",9Lh0oeXkelQ
3,"Hardcore punk[2]",9Lh0oeXkelQ
3,"Thrash metal",9Lh0oeXkelQ
3,"Crossover thrash",9Lh0oeXkelQ
3,"Hardcore punk genres",9Lh0oeXkelQ
4,"Crossover thrash",9Lh0oeXkelQ
1,"Unknown genre",K28A02zt3N0
1,"Electronic music",8bGtlf758Hw
1,"Experimental music",8bGtlf758Hw
1,"Rock music",8bGtlf758Hw
2,"Experimental rock",8bGtlf758Hw
2,"Alternative rock",8bGtlf758Hw
1,"Country music",U0hJu9lZcl8
1,"Rock music",U0hJu9lZcl8
1,"Hip hop",U0hJu9lZcl8
1,"Sociological genres of music",U0hJu9lZcl8
1,"Electronic music",U0hJu9lZcl8
2,"Musical subcultures",U0hJu9lZcl8
2,"Southern rock",U0hJu9lZcl8
2,"Hip hop music",U0hJu9lZcl8
2,"Country rap",U0hJu9lZcl8
3,"Hip hop",U0hJu9lZcl8
4,"Hip hop music",U0hJu9lZcl8
4,"Hip hop genres",U0hJu9lZcl8
5,"Country rap",U0hJu9lZcl8
1,Blues,jxrTmQfU6Hk
2,"Rhythm and blues",jxrTmQfU6Hk
3,Doo-wop,jxrTmQfU6Hk
1,"Electronic music",9ZPdWzxn6-0
2,"Electronic dance music",9ZPdWzxn6-0
3,"Trance music",9ZPdWzxn6-0
1,"Unknown genre",2wevEJFtRQc
1,"Sociological genres of music",6a_BkCSoszY
2,"Musical subcultures",6a_BkCSoszY
3,"House music",6a_BkCSoszY
4,"House music genres",6a_BkCSoszY
5,"Electro house",6a_BkCSoszY
1,"Dance music",lmTjuFJRWqE
1,Blues,lmTjuFJRWqE
2,"Rhythm and blues",lmTjuFJRWqE
2,"Dance music by subgenre",lmTjuFJRWqE
3,Funk,lmTjuFJRWqE
1,"Unknown genre",5_VUcw-ly-s
1,"Unknown genre",uLy_hg_S8pg
1,"Dance music",3SA80ErPJ18
1,"Pop music",3SA80ErPJ18
1,"Electronic music",3SA80ErPJ18
1,"Sociological genres of music",3SA80ErPJ18
2,Dance-pop,3SA80ErPJ18
2,"Dance music by subgenre",3SA80ErPJ18
2,"Electronic dance music",3SA80ErPJ18
2,"Lgbt-related music",3SA80ErPJ18
3,Dance-pop,3SA80ErPJ18
3,Post-disco,3SA80ErPJ18
3,Disco,3SA80ErPJ18
3,"Freestyle music",3SA80ErPJ18
4,Post-disco,3SA80ErPJ18
5,Post-disco,3SA80ErPJ18
1,"Unknown genre",NKPE6NH2o5M
1,"Unknown genre",ungDh6zwBOw
1,"Unknown genre",sGQbEJfrJqw
1,"Unknown genre",aLe4KW_S0as
1,"Rock music",mYdyvNk32So
2,"Alternative rock",mYdyvNk32So
1,"Pop music",I_BKTIFsieA
1,"Unknown genre",n2acCEbq6bA
1,"Country music",VNo0cGi1xZU
1,"Sociological genres of music",lJoYCbnknUw
1,"Rock music",lJoYCbnknUw
1,"Pop music",lJoYCbnknUw
2,"Punk genres",lJoYCbnknUw
2,"Hardcore punk",lJoYCbnknUw
2,"Alternative rock",lJoYCbnknUw
2,"Indie rock",lJoYCbnknUw
2,"Pop punk",lJoYCbnknUw
2,"Musical subcultures",lJoYCbnknUw
3,"Melodic hardcore",lJoYCbnknUw
3,"Hardcore punk genres",lJoYCbnknUw
3,"Indie rock",lJoYCbnknUw
3,"Pop punk",lJoYCbnknUw
3,Punk,lJoYCbnknUw
3,Emo,lJoYCbnknUw
4,"Melodic hardcore",lJoYCbnknUw
4,"Punk genres",lJoYCbnknUw
5,"Pop punk",lJoYCbnknUw
1,"Rock music",Lqm4FbrD1iQ
1,"Electronic music",Lqm4FbrD1iQ
1,"Hip hop",Lqm4FbrD1iQ
1,"Sociological genres of music",Lqm4FbrD1iQ
1,"Experimental music",Lqm4FbrD1iQ
1,"Folk music",Lqm4FbrD1iQ
2,"Musical subcultures",Lqm4FbrD1iQ
2,"Alternative rock",Lqm4FbrD1iQ
2,"Uk garage",Lqm4FbrD1iQ
2,"Trip hop",Lqm4FbrD1iQ
2,Electronica,Lqm4FbrD1iQ
2,"Intelligent dance music",Lqm4FbrD1iQ
2,Folktronica,Lqm4FbrD1iQ
3,"Hip hop",Lqm4FbrD1iQ
3,Post-rock,Lqm4FbrD1iQ
3,Post-dubstep,Lqm4FbrD1iQ
3,"Intelligent dance music",Lqm4FbrD1iQ
4,"Hip hop genres",Lqm4FbrD1iQ
5,"Trip hop",Lqm4FbrD1iQ
1,"Unknown genre",6M5KwQpXduI
1,"Folk music",4x10tJRvNPI
1,"Rock music",4x10tJRvNPI
1,"Sociological genres of music",4x10tJRvNPI
2,"Folk rock",4x10tJRvNPI
2,"Alternative rock",4x10tJRvNPI
2,"Indie rock",4x10tJRvNPI
2,Singer-songwriter,4x10tJRvNPI
3,"Indie rock",4x10tJRvNPI
1,"Rock music",GXyjUYXEEhI
1,"Experimental music",GXyjUYXEEhI
1,"Sociological genres of music",GXyjUYXEEhI
2,"Instrumental rock",GXyjUYXEEhI
2,"Alternative rock",GXyjUYXEEhI
2,"Math rock",GXyjUYXEEhI
2,"Hardcore punk",GXyjUYXEEhI
3,Post-rock,GXyjUYXEEhI
3,"Math rock",GXyjUYXEEhI
3,Post-hardcore,GXyjUYXEEhI
4,"Math rock",GXyjUYXEEhI
1,"Unknown genre",Ton2VmecsDM
1,"Country music",kPIUZvfB9qo
1,"Sociological genres of music",kPIUZvfB9qo
1,"Pop music",kPIUZvfB9qo
1,Jazz,kPIUZvfB9qo
1,"Folk music",kPIUZvfB9qo
1,"Classical music",kPIUZvfB9qo
2,"Old-time music",kPIUZvfB9qo
2,"Bluegrass music",kPIUZvfB9qo
2,"Religious music",kPIUZvfB9qo
3,"Gospel music",kPIUZvfB9qo
4,"Bluegrass music",kPIUZvfB9qo
1,"Unknown genre",aTNQw6fLR0I
1,"Unknown genre",695HkRsGl_o
1,"Rock music",UlN85riwa4s
2,"Heavy metal",UlN85riwa4s
2,"Heavy metal music",UlN85riwa4s
3,"Thrash metal",UlN85riwa4s
1,"Unknown genre",b-KT7fNVtsE
1,"Electronic music",CdA_tIBWRTU
1,"Pop music",CdA_tIBWRTU
1,Jazz,CdA_tIBWRTU
1,Blues,CdA_tIBWRTU
1,"Dance music",CdA_tIBWRTU
1,"Sociological genres of music",CdA_tIBWRTU
2,"Psychedelic music",CdA_tIBWRTU
2,"Electronic dance music",CdA_tIBWRTU
2,"Acid jazz",CdA_tIBWRTU
2,"Dance music by subgenre",CdA_tIBWRTU
2,"Rhythm and blues",CdA_tIBWRTU
2,"Soul jazz",CdA_tIBWRTU
3,"Acid jazz",CdA_tIBWRTU
3,"Soul jazz",CdA_tIBWRTU
4,"Acid jazz",CdA_tIBWRTU
1,"Sociological genres of music",gWwjz7yhNPI
1,"Dance music",gWwjz7yhNPI
1,Jazz,gWwjz7yhNPI
2,"Dance music by subgenre",gWwjz7yhNPI
2,"Lgbt-related music",gWwjz7yhNPI
2,"Latin jazz",gWwjz7yhNPI
2,"Bossa nova",gWwjz7yhNPI
3,Disco,gWwjz7yhNPI
1,"Unknown genre",_fWd20E8w20
1,"Rock music",fXwufnNeT9M
2,"Heavy metal music",fXwufnNeT9M
2,"Heavy metal",fXwufnNeT9M
2,"Hard rock",fXwufnNeT9M
1,"Unknown genre",Vh9uUPnoF4I
1,"Unknown genre",rfLI69-Ukkw
1,"Unknown genre",T5zPtkua078
1,"Unknown genre",YXRp1U_Y1Us
1,"Unknown genre",mgrWDmG9jys
1,"Hip hop",gn-q2-sxjcg
1,"Sociological genres of music",gn-q2-sxjcg
1,"Electronic music",gn-q2-sxjcg
2,"Musical subcultures",gn-q2-sxjcg
2,"Hip hop music",gn-q2-sxjcg
3,"Hip hop",gn-q2-sxjcg
4,"Hip hop music",gn-q2-sxjcg
1,"Unknown genre",KHGuBle7jhE
1,"Rock music",aj1M_7y1MY0
2,"Progressive rock",aj1M_7y1MY0
1,"Dance music",-EgnyWkpyI8
1,Blues,-EgnyWkpyI8
1,"Easy listening music",-EgnyWkpyI8
1,"Pop music",-EgnyWkpyI8
1,Jazz,-EgnyWkpyI8
1,"Classical music",-EgnyWkpyI8
2,"Easy listening",-EgnyWkpyI8
2,"Rhythm and blues",-EgnyWkpyI8
2,"Dance music by subgenre",-EgnyWkpyI8
2,"Lounge music",-EgnyWkpyI8
3,Funk,-EgnyWkpyI8
1,"Unknown genre",8dMDmm9159o
1,"Rock music",LcpLVDYJ3-g
1,"Pop music",LcpLVDYJ3-g
1,"Unknown genre",7O03r6kVdCc
1,"Unknown genre",6oEnZ0Y2Xz4
1,"Sociological genres of music",UdPyjYOe3kM
1,"Rock music",UdPyjYOe3kM
2,"Punk genres",UdPyjYOe3kM
2,"Hardcore punk",UdPyjYOe3kM
2,"Punk rock",UdPyjYOe3kM
2,"Musical subcultures",UdPyjYOe3kM
3,"Hardcore punk[1]",UdPyjYOe3kM
3,"Hardcore punk[2]",UdPyjYOe3kM
3,Punk,UdPyjYOe3kM
4,"Punk genres",UdPyjYOe3kM
5,"Punk rock",UdPyjYOe3kM
1,"Unknown genre",OA-lxl0q6FA
1,"Unknown genre",iFkNDevJXE8
1,"Unknown genre",M3DFoTAIYZE
1,"Unknown genre",GAGpezKdl9M
1,"Unknown genre",OEon3MadZxg
1,"Unknown genre",8V-Wp1S8Uxg
1,"Unknown genre",kq9oOnQ9Jq0
1,"Unknown genre",pOjE0lIrgXc
1,"Unknown genre",e6q9B2QLpRE
1,"Country music",cMueBcvL9h4
1,"Rock music",cMueBcvL9h4
1,"Sociological genres of music",cMueBcvL9h4
2,Rockabilly,cMueBcvL9h4
2,"Musical subcultures",cMueBcvL9h4
2,"Country rock",cMueBcvL9h4
3,Rockabilly,cMueBcvL9h4
1,"Unknown genre",d-etfJvHQjE
1,Jazz,2GGbrfViz7g
1,"Unknown genre",Hx297PwDlZw
1,"Unknown genre",zpsuUbmxwBw
1,"Unknown genre",Y1U9j04P4tI
1,"Rock music",4tdU92BcqCo
1,"Sociological genres of music",4tdU92BcqCo
1,"Experimental music",4tdU92BcqCo
1,"Electronic music",4tdU92BcqCo
1,Jazz,4tdU92BcqCo
2,"Alternative rock",4tdU92BcqCo
2,"Punk genres",4tdU92BcqCo
2,"Hardcore punk",4tdU92BcqCo
2,"Math rock",4tdU92BcqCo
2,"Jazz fusion",4tdU92BcqCo
2,"Experimental rock",4tdU92BcqCo
2,"Dub music",4tdU92BcqCo
2,"Progressive rock",4tdU92BcqCo
3,Post-rock,4tdU92BcqCo
3,Post-hardcore,4tdU92BcqCo
3,"Math rock",4tdU92BcqCo
4,"Math rock",4tdU92BcqCo
1,"Sociological genres of music",NBpV8jW-qnY
1,"Rock music",NBpV8jW-qnY
2,"Heavy metal",NBpV8jW-qnY
2,"Hardcore punk",NBpV8jW-qnY
3,Deathgrind,NBpV8jW-qnY
3,"Hardcore punk genres",NBpV8jW-qnY
3,Deathcore[1],NBpV8jW-qnY
3,Deathcore[2],NBpV8jW-qnY
3,Metalcore,NBpV8jW-qnY
3,"Technical death metal",NBpV8jW-qnY
4,Grindcore,NBpV8jW-qnY
4,"Metalcore genres",NBpV8jW-qnY
5,Deathgrind,NBpV8jW-qnY
5,Deathcore[1],NBpV8jW-qnY
5,Deathcore[2],NBpV8jW-qnY
1,"Unknown genre",xKts2HLXmvQ
1,"Unknown genre",jAFyU5-YKMU
1,"Unknown genre",Mf_xgyadT8c
1,"Unknown genre",-ugYaITNtH0
1,"Rock music",Y47hwtkzYBg
1,"Pop music",5rhSH1hjptc
1,"Rock music",5rhSH1hjptc
1,"Country music",5rhSH1hjptc
1,"Folk music",5rhSH1hjptc
2,"Rock and roll",5rhSH1hjptc
1,"Dance music",6itOhMvukHU
1,"Pop music",6itOhMvukHU
1,"Electronic music",6itOhMvukHU
1,"Hip hop",6itOhMvukHU
1,"Sociological genres of music",6itOhMvukHU
2,Dance-pop,6itOhMvukHU
2,"Dance music by subgenre",6itOhMvukHU
2,"Electronic dance music",6itOhMvukHU
2,Eurodance,6itOhMvukHU
2,"Musical subcultures",6itOhMvukHU
3,Dance-pop,6itOhMvukHU
3,Techno,6itOhMvukHU
3,Eurodance,6itOhMvukHU
3,"Hip hop",6itOhMvukHU
4,"Hip hop genres",6itOhMvukHU
5,Eurodance,6itOhMvukHU
1,"Sociological genres of music",KSDSBPp6f-4
1,"Pop music",KSDSBPp6f-4
1,"Rock music",KSDSBPp6f-4
2,"Religious music",KSDSBPp6f-4
2,"Pop rock",KSDSBPp6f-4
2,"Rock and roll",KSDSBPp6f-4
3,"Christian music",KSDSBPp6f-4
4,"Christian music genres",KSDSBPp6f-4
5,"Contemporary christian music",KSDSBPp6f-4
1,"Unknown genre",3z3Yrin5Jt8
1,"Unknown genre",-W7mJM7F3FU
1,"Unknown genre",Kv-K-brPkZ0
1,"Experimental music",7ChXflkLVAw
1,"Pop music",7ChXflkLVAw
1,"Rock music",7ChXflkLVAw
1,"Sociological genres of music",7ChXflkLVAw
1,"Electronic music",7ChXflkLVAw
2,Synthpop,7ChXflkLVAw
2,"Musical subcultures",7ChXflkLVAw
2,"Experimental rock",7ChXflkLVAw
2,"Art rock",7ChXflkLVAw
2,"Punk genres",7ChXflkLVAw
3,Punk,7ChXflkLVAw
3,Post-punk,7ChXflkLVAw
4,"Punk genres",7ChXflkLVAw
5,"New wave music",7ChXflkLVAw
5,Post-punk,7ChXflkLVAw
6,Synthpop,7ChXflkLVAw
1,"Unknown genre",A-ptTTYB49A
1,"Unknown genre",oTj9dD3Tfd4
1,"Unknown genre",rvBebppMTjA
1,"Unknown genre",Mz3ETfqWj-k
1,"Sociological genres of music",bgvbKGZT9rk
2,"Religious music",bgvbKGZT9rk
3,"Christian music",bgvbKGZT9rk
4,"Christian music genres",bgvbKGZT9rk
5,"Contemporary christian music",bgvbKGZT9rk
5,"Contemporary worship music",bgvbKGZT9rk
1,"Experimental music",RMZdr6tB3Uw
1,"Pop music",RMZdr6tB3Uw
1,"Rock music",RMZdr6tB3Uw
1,"Sociological genres of music",RMZdr6tB3Uw
1,"Electronic music",RMZdr6tB3Uw
2,Synthpop,RMZdr6tB3Uw
2,"Musical subcultures",RMZdr6tB3Uw
2,"Experimental rock",RMZdr6tB3Uw
2,"Art rock",RMZdr6tB3Uw
2,"Punk genres",RMZdr6tB3Uw
3,Punk,RMZdr6tB3Uw
3,Post-punk,RMZdr6tB3Uw
4,"Punk genres",RMZdr6tB3Uw
5,"New wave music",RMZdr6tB3Uw
5,Post-punk,RMZdr6tB3Uw
6,Synthpop,RMZdr6tB3Uw
1,"Unknown genre",INlqlx_cOgI
1,"Unknown genre",hp1XOJ8oDYs
1,"Sociological genres of music",-O9HCWTfohA
1,"Rock music",-O9HCWTfohA
2,"Punk rock",-O9HCWTfohA
2,"Musical subcultures",-O9HCWTfohA
3,Punk,-O9HCWTfohA
4,"Punk genres",-O9HCWTfohA
5,"Punk rock",-O9HCWTfohA
1,"Unknown genre",phC2kS9k5ww
1,"Rock music",Vnuk84qnL5g
1,"Sociological genres of music",Vnuk84qnL5g
2,"Alternative rock",Vnuk84qnL5g
2,"Christian rock",Vnuk84qnL5g
2,"Religious music",Vnuk84qnL5g
3,"Christian music",Vnuk84qnL5g
4,"Christian music genres",Vnuk84qnL5g
5,"Christian rock",Vnuk84qnL5g
5,"Contemporary christian music",Vnuk84qnL5g
1,"Unknown genre",dE3MQX8JYUc
1,"Unknown genre",MxziSN6N2v4
1,"Hip hop",mHyu3rUOyB0
1,"Sociological genres of music",mHyu3rUOyB0
1,"Electronic music",mHyu3rUOyB0
2,"Musical subcultures",mHyu3rUOyB0
2,"Hip hop music",mHyu3rUOyB0
3,"Hip hop",mHyu3rUOyB0
4,"Hip hop music",mHyu3rUOyB0
1,"Unknown genre",ek2lzC2UUOI
1,"Country music",s5BBqvIJnY0
1,"Rock music",s5BBqvIJnY0
2,"Alternative rock",s5BBqvIJnY0
2,"Alternative country",s5BBqvIJnY0
2,"Roots rock",s5BBqvIJnY0
3,"Alternative country",s5BBqvIJnY0
3,"Roots rock",s5BBqvIJnY0
1,"Country music",xG4lAwVHuhs
1,Blues,xG4lAwVHuhs
1,"Rock music",xG4lAwVHuhs
2,"Rhythm and blues",xG4lAwVHuhs
3,Doo-wop,xG4lAwVHuhs
3,"Soul music",xG4lAwVHuhs
1,"Unknown genre",GLQQMisCuOw
1,"Sociological genres of music",7tjXs3FuZXM
1,"Hip hop",7tjXs3FuZXM
2,"Musical subcultures",7tjXs3FuZXM
2,"Christian hip hop",7tjXs3FuZXM
3,"Hip hop",7tjXs3FuZXM
4,"Christian hip hop",7tjXs3FuZXM
1,"Unknown genre",3fh2taZFMZo
1,"Unknown genre",XtHYnP9DtYU
1,"Unknown genre",ryjOiEdzENU
1,"Unknown genre",zvkRXkzdceo
1,"Sociological genres of music",jwK9ZFAjjrU
1,"Electronic music",jwK9ZFAjjrU
1,"Rock music",jwK9ZFAjjrU
1,"Dance music",jwK9ZFAjjrU
1,"Experimental music",jwK9ZFAjjrU
2,Rave,jwK9ZFAjjrU
2,"Musical subcultures",jwK9ZFAjjrU
2,"Alternative rock",jwK9ZFAjjrU
2,Electronica,jwK9ZFAjjrU
2,"Dance music by subgenre",jwK9ZFAjjrU
2,"Electronic dance music",jwK9ZFAjjrU
2,"Punk genres",jwK9ZFAjjrU
2,Synthpunk,jwK9ZFAjjrU
2,"Electronic rock",jwK9ZFAjjrU
2,"Industrial music",jwK9ZFAjjrU
3,"Rave music",jwK9ZFAjjrU
3,"House music",jwK9ZFAjjrU
3,Rave,jwK9ZFAjjrU
3,"Drum and bass",jwK9ZFAjjrU
3,"Alternative dance",jwK9ZFAjjrU
3,"Breakbeat hardcore",jwK9ZFAjjrU
3,Synthpunk,jwK9ZFAjjrU
3,Punk,jwK9ZFAjjrU
3,"Industrial music",jwK9ZFAjjrU
3,Breakbeat,jwK9ZFAjjrU
3,"Big beat",jwK9ZFAjjrU
4,"Rave music",jwK9ZFAjjrU
4,"Drum and bass subgenres",jwK9ZFAjjrU
4,"Punk genres",jwK9ZFAjjrU
5,"Oldschool jungle",jwK9ZFAjjrU
5,Synthpunk,jwK9ZFAjjrU
1,"Unknown genre",hrPyrjEo_24
1,"Pop music",yjW2rrK5vRU
1,Blues,SanDwve5aDk
1,"Pop music",SanDwve5aDk
2,"Rhythm and blues",SanDwve5aDk
3,"Contemporary r&b",SanDwve5aDk
1,"Unknown genre",AY4azVsxjWY
1,"Unknown genre",WQKOPqzodSE
1,"Unknown genre",exVgi4ou7RQ
1,"Classical music",lbvUTJRYkSU
1,"Electronic music",lbvUTJRYkSU
1,"Sociological genres of music",lbvUTJRYkSU
1,"Hip hop",lbvUTJRYkSU
2,"Musical subcultures",lbvUTJRYkSU
2,"Electronic dance music",lbvUTJRYkSU
2,"Contemporary classical music",lbvUTJRYkSU
2,"Electro music",lbvUTJRYkSU
3,"Hip hop",lbvUTJRYkSU
3,"Minimal techno",lbvUTJRYkSU
3,"Minimal music",lbvUTJRYkSU
3,"House music",lbvUTJRYkSU
4,"Minimal techno",lbvUTJRYkSU
4,"Hip hop genres",lbvUTJRYkSU
5,"Electro music",lbvUTJRYkSU
1,"Unknown genre",kqbUiV6Yfcs
1,Blues,Xa0_5uotW-s
2,"Rhythm and blues",Xa0_5uotW-s
1,"Unknown genre",lM0Uulw1q1k
1,"Rock music",zPtCKCb8fNw
2,"Heavy metal",zPtCKCb8fNw
2,"Heavy metal music",zPtCKCb8fNw
2,"Hard rock",zPtCKCb8fNw
3,"Symphonic metal",zPtCKCb8fNw
1,"Sociological genres of music",LSKY7_XmNeI
1,"Rock music",LSKY7_XmNeI
1,"Electronic music",LSKY7_XmNeI
1,"Experimental music",LSKY7_XmNeI
2,"Heavy metal",LSKY7_XmNeI
2,"Hardcore punk",LSKY7_XmNeI
2,"Musical subcultures",LSKY7_XmNeI
2,"Industrial music",LSKY7_XmNeI
3,Metalcore,LSKY7_XmNeI
3,"Gothic metal",LSKY7_XmNeI
3,"Goth subculture",LSKY7_XmNeI
3,"Industrial metal",LSKY7_XmNeI
4,"Gothic metal",LSKY7_XmNeI
1,"Unknown genre",kniXNXyfzcg
1,"Unknown genre",YxLMF_hLlr4
1,"Pop music",StMWVGCAV64
1,"Rock music",StMWVGCAV64
2,"Power pop",StMWVGCAV64
2,"Sunshine pop",StMWVGCAV64
1,"Unknown genre",FAiRr56ipT8
1,Blues,oiJopDifkHM
2,"Rhythm and blues",oiJopDifkHM
3,"Soul music",oiJopDifkHM
1,"Unknown genre",rhhFJdyLLmc
1,"Unknown genre",k0uHGRb7jQY
1,"Rock music",2v8qe5F_t9o
1,"Pop music",2v8qe5F_t9o
1,"Electronic music",2v8qe5F_t9o
1,"Sociological genres of music",2v8qe5F_t9o
2,"Soft rock",2v8qe5F_t9o
2,"Pop rock",2v8qe5F_t9o
2,Synthpop,2v8qe5F_t9o
2,"Musical subcultures",2v8qe5F_t9o
3,Punk,2v8qe5F_t9o
4,"Punk genres",2v8qe5F_t9o
5,"New wave music",2v8qe5F_t9o
6,Synthpop,2v8qe5F_t9o
1,"Unknown genre",g_4KCsN88JQ
1,"Unknown genre",Cu8SjoERBxI
1,"Unknown genre",CQuBwx7yOXA
1,"Electronic music",OORJglBjy_g
1,"Rock music",OORJglBjy_g
1,"Hip hop",OORJglBjy_g
1,"Sociological genres of music",OORJglBjy_g
1,"Experimental music",OORJglBjy_g
1,"Dance music",OORJglBjy_g
2,"Musical subcultures",OORJglBjy_g
2,"Alternative rock",OORJglBjy_g
2,"Industrial music",OORJglBjy_g
2,"Dance music by subgenre",OORJglBjy_g
2,"Hip hop music",OORJglBjy_g
3,"Hip hop",OORJglBjy_g
3,"Industrial dance",OORJglBjy_g
4,"Hip hop music",OORJglBjy_g
1,"Unknown genre",hZECy1JK468
1,"Unknown genre",plsaThQ1Xag
1,"Hip hop",0ylCuRFLwy0
1,"Sociological genres of music",0ylCuRFLwy0
1,"Electronic music",0ylCuRFLwy0
2,"Musical subcultures",0ylCuRFLwy0
2,"Hip hop music",0ylCuRFLwy0
3,"Hip hop",0ylCuRFLwy0
4,"Hip hop music",0ylCuRFLwy0
1,"Folk music",_Som1k26YJE
1,"Rock music",_Som1k26YJE
2,"Folk rock",_Som1k26YJE
2,"Progressive rock",_Som1k26YJE
1,"Rock music",7sjdZZMpv40
1,"Unknown genre",98FwCWROQ_Q
1,"Folk music",20D2meCq3K4
2,"Folk baroque",20D2meCq3K4
1,"Unknown genre",F2BJ4H83x7I
1,"Unknown genre",iVqjoMmDPY4
1,"Unknown genre",otUYk4Ay7Vs
1,"Unknown genre",igy3Jz7XPzI
1,"Unknown genre",sjDvGHJk_zw
1,"Unknown genre",Pd4QoSNlPuE
1,"Unknown genre",Fj-_gL878jI
1,"Unknown genre",BibsAv1LaFM
1,"Rock music",0Foc1NoRsV0
1,"Pop music",0Foc1NoRsV0
2,"Alternative rock",0Foc1NoRsV0
2,"Latin pop",0Foc1NoRsV0
3,"Indie pop",0Foc1NoRsV0
1,"Hip hop",SkmjlG--yIA
1,"Sociological genres of music",SkmjlG--yIA
1,"Electronic music",SkmjlG--yIA
2,"Musical subcultures",SkmjlG--yIA
2,"Hip hop music",SkmjlG--yIA
3,"Hip hop",SkmjlG--yIA
4,"Hip hop music",SkmjlG--yIA
1,"Classical music",GjoXKb-agwc
1,"Pop music",GjoXKb-agwc
1,"Rock music",GjoXKb-agwc
1,"Pop music",UgUiMeTRM6Y
1,"Easy listening music",UgUiMeTRM6Y
2,"Easy listening",UgUiMeTRM6Y
1,"Unknown genre",W83jPeA_lHo
1,"Unknown genre",9J00jvKEO84
1,"Rock music",tqL1iCZDwaU
1,"Country music",tqL1iCZDwaU
1,"Folk music",tqL1iCZDwaU
1,"Pop music",tqL1iCZDwaU
2,"Soft rock",tqL1iCZDwaU
1,"Unknown genre",Xkky18ubO7Q
1,"Rock music",bptnhUOG2GU
1,"Sociological genres of music",bptnhUOG2GU
1,"Folk music",bptnhUOG2GU
2,"Alternative rock",bptnhUOG2GU
2,"Indie rock",bptnhUOG2GU
2,"Indie folk",bptnhUOG2GU
3,"Lo-fi music",bptnhUOG2GU
3,"Indie rock",bptnhUOG2GU
3,"Indie folk",bptnhUOG2GU
1,"Unknown genre",JZP7KLuXKXg
1,"Classical music",5m-Oj5UnXAg
1,"Folk music",5m-Oj5UnXAg
2,"Contemporary classical music",5m-Oj5UnXAg
1,"Rock music",g5lK9ynueY0
1,"Pop music",g5lK9ynueY0
1,"Sociological genres of music",g5lK9ynueY0
2,"Alternative rock",g5lK9ynueY0
2,"Psychedelic rock",g5lK9ynueY0
2,"Psychedelic music",g5lK9ynueY0
3,"Dream pop",g5lK9ynueY0
3,Neo-psychedelia,g5lK9ynueY0
3,"Psychedelic rock",g5lK9ynueY0
1,"Sociological genres of music",QVdWeJCYjbk
1,"Hip hop",QVdWeJCYjbk
2,"Musical subcultures",QVdWeJCYjbk
2,"Hardcore hip hop",QVdWeJCYjbk
2,"East coast hip hop[1]",QVdWeJCYjbk
2,"East coast hip hop[2]",QVdWeJCYjbk
2,Horrorcore,QVdWeJCYjbk
3,"Hip hop",QVdWeJCYjbk
4,"Hip hop genres",QVdWeJCYjbk
5,"Hardcore hip hop",QVdWeJCYjbk
5,"East coast hip hop",QVdWeJCYjbk
5,"American hip hop genres",QVdWeJCYjbk
5,Horrorcore,QVdWeJCYjbk
6,"East coast hip hop",QVdWeJCYjbk
1,"Unknown genre",HxJlTDzq30k
1,Jazz,JUu3QpQUtzo
2,Bebop,JUu3QpQUtzo
1,"Unknown genre",NtLqGw3aTuI
1,Blues,nzSmcGaJf4g
1,"Rock music",nzSmcGaJf4g
2,"Hard rock",nzSmcGaJf4g
2,"Rhythm and blues",nzSmcGaJf4g
2,"Rock and roll",nzSmcGaJf4g
2,"Blues rock",nzSmcGaJf4g
1,"Unknown genre",1GcPlCeH2PU
1,"Rock music",abOE64li2Gs
1,"Sociological genres of music",abOE64li2Gs
2,"Heavy metal",abOE64li2Gs
2,"Hardcore punk",abOE64li2Gs
3,"Death metal",abOE64li2Gs
3,Deathgrind,abOE64li2Gs
3,"Hardcore punk genres",abOE64li2Gs
4,Grindcore,abOE64li2Gs
5,Deathgrind,abOE64li2Gs
1,"Sociological genres of music",2pNoMamQIKo
1,"Country music",2pNoMamQIKo
2,"Bluegrass music",2pNoMamQIKo
2,"Religious music",2pNoMamQIKo
2,"Christian country music",2pNoMamQIKo
3,"Gospel music",2pNoMamQIKo
3,"Christian music",2pNoMamQIKo
4,"Bluegrass music",2pNoMamQIKo
4,"Christian music genres",2pNoMamQIKo
5,"Christian country music",2pNoMamQIKo
1,"Unknown genre",vUzISZjrBeU
1,Blues,7OATJpTAnuA
1,"Country music",e7aIF1oeKv8
1,"Rock music",e7aIF1oeKv8
1,"Sociological genres of music",e7aIF1oeKv8
2,"Alternative rock",e7aIF1oeKv8
2,"Alternative country",e7aIF1oeKv8
2,"Indie rock",e7aIF1oeKv8
3,"Alternative country",e7aIF1oeKv8
3,"Indie pop",e7aIF1oeKv8
3,"Indie rock",e7aIF1oeKv8
1,Jazz,iybUMSlmC3U
1,"Hip hop",iybUMSlmC3U
1,"Sociological genres of music",iybUMSlmC3U
1,"Dance music",iybUMSlmC3U
2,"Musical subcultures",iybUMSlmC3U
2,"Jazz rap",iybUMSlmC3U
2,Jazz-funk,iybUMSlmC3U
2,"Dance music by subgenre",iybUMSlmC3U
2,"Third stream",iybUMSlmC3U
2,"Jazz fusion",iybUMSlmC3U
2,"Modal jazz",iybUMSlmC3U
2,"Cool jazz",iybUMSlmC3U
2,Bebop,iybUMSlmC3U
2,"Hard bop",iybUMSlmC3U
3,"Hip hop",iybUMSlmC3U
3,Funk,iybUMSlmC3U
4,"Hip hop genres",iybUMSlmC3U
4,"Funk genres",iybUMSlmC3U
5,"Jazz rap",iybUMSlmC3U
5,Jazz-funk,iybUMSlmC3U
1,"Pop music",DqVUqB59E7U
1,"Rock music",DqVUqB59E7U
1,"Electronic music",DqVUqB59E7U
2,Synthpop,DqVUqB59E7U
2,Electroclash,DqVUqB59E7U
2,"Electronic dance music",DqVUqB59E7U
3,Electroclash,DqVUqB59E7U
3,Techno,DqVUqB59E7U
1,"Unknown genre",V_3vOdpsS0o
1,"Unknown genre",YHY9fhXbnM0
1,"Pop music",UOqW27gn47A
1,"Rock music",UOqW27gn47A
2,"Power pop",UOqW27gn47A
1,"Rock music",Wahmwvvls5Q
1,"Country music",Wahmwvvls5Q
1,"Pop music",Wahmwvvls5Q
2,"Soft rock",Wahmwvvls5Q
2,"Surf music",Wahmwvvls5Q
1,"Unknown genre",5sbrigcRTD8
1,"Unknown genre",Ql_NiGSUmbM
1,"Unknown genre",E5wBkcQrNeU
1,"Pop music",UXBOfMyv3FA
2,Cantopop,UXBOfMyv3FA
1,"Pop music",kSI809fiG7M
2,Mandopop[1],kSI809fiG7M
2,Mandopop[2],kSI809fiG7M
1,"Electronic music",6qyQyIG5UVM
1,"Dance music",6qyQyIG5UVM
1,"Sociological genres of music",6qyQyIG5UVM
2,"Electronic dance music",6qyQyIG5UVM
2,"Musical subcultures",6qyQyIG5UVM
3,"House music",6qyQyIG5UVM
1,"Unknown genre",xQOy8VGQ9uU
1,"Unknown genre",IRUqzfQ_abg
1,"Electronic music",mVmpcoTU39E
1,"Hip hop",mVmpcoTU39E
1,"Sociological genres of music",mVmpcoTU39E
1,"Pop music",mVmpcoTU39E
1,"Rock music",mVmpcoTU39E
2,"Musical subcultures",mVmpcoTU39E
2,"Electronic dance music",mVmpcoTU39E
2,"Hip hop music",mVmpcoTU39E
2,"Pop rock",mVmpcoTU39E
3,"Hip hop",mVmpcoTU39E
3,Breakbeat,mVmpcoTU39E
4,"Hip hop music",mVmpcoTU39E
1,"Sociological genres of music",GMDbnONFLBU
1,"Rock music",GMDbnONFLBU
1,Blues,GMDbnONFLBU
2,"Alternative rock",GMDbnONFLBU
2,"Indie rock",GMDbnONFLBU
2,"Blues rock",GMDbnONFLBU
2,"Garage rock",GMDbnONFLBU
3,"Indie rock",GMDbnONFLBU
1,"Unknown genre",8tcXkreSDPE
1,"Unknown genre",IUQX_wyspCU
1,"Unknown genre",Mx-O9tciuZY
1,"Unknown genre",qIgYyCCc0M4
1,"Unknown genre",M2MD6Z4DeUU
1,"Unknown genre",KLns4AtMqtk
1,"Sociological genres of music",dx42YK9j6nw
1,"Electronic music",dx42YK9j6nw
2,"Musical subcultures",dx42YK9j6nw
2,"Electronic dance music",dx42YK9j6nw
2,Electronica,dx42YK9j6nw
3,"House music",dx42YK9j6nw
3,Techno,dx42YK9j6nw
4,"House music genres",dx42YK9j6nw
5,"Tech house",dx42YK9j6nw
1,"Unknown genre",ECoSlaSZlc4
1,"Electronic music",BJwktR6NSPQ
1,"Experimental music",BJwktR6NSPQ
1,"Easy listening music",BJwktR6NSPQ
1,"Pop music",BJwktR6NSPQ
1,"Rock music",BJwktR6NSPQ
1,"Folk music",BJwktR6NSPQ
2,"Easy listening",BJwktR6NSPQ
2,"Asian underground",BJwktR6NSPQ
2,"Noise music",BJwktR6NSPQ
2,"Alternative rock",BJwktR6NSPQ
2,"Ambient music",BJwktR6NSPQ
2,"Dark ambient",BJwktR6NSPQ
2,"Industrial music",BJwktR6NSPQ
2,"Ethnic electronica",BJwktR6NSPQ
3,"Dark ambient",BJwktR6NSPQ
1,"Unknown genre",sBGBkPdISHo
1,"Pop music",0edaM31NlAg
1,"Unknown genre",_OkH1CCjEtI
1,"Rock music",yMrwqyY15h4
2,"Rock and roll",yMrwqyY15h4
1,Jazz,lt07aY1USvk
1,"Rock music",lt07aY1USvk
1,"Pop music",lt07aY1USvk
2,"Jazz fusion",lt07aY1USvk
2,"Soft rock",lt07aY1USvk
2,"Pop rock",lt07aY1USvk
1,"Experimental music",AFjtKiUWsa4
1,Jazz,AFjtKiUWsa4
1,"Dance music",AFjtKiUWsa4
1,Blues,AFjtKiUWsa4
2,Turntablism,AFjtKiUWsa4
2,"Rhythm and blues",AFjtKiUWsa4
2,"Dance music by subgenre",AFjtKiUWsa4
3,Funk,AFjtKiUWsa4
1,Jazz,2acCnqm52H8
2,"Bossa nova",2acCnqm52H8
1,"Unknown genre",2-M-wi0AniI
1,"Classical music",cNoOLCsqNTE
1,Jazz,cNoOLCsqNTE
1,"Pop music",cNoOLCsqNTE
1,"Rock music",cNoOLCsqNTE
1,"Sociological genres of music",cNoOLCsqNTE
1,"Electronic music",cNoOLCsqNTE
2,"New wave music",cNoOLCsqNTE
2,"Musical subcultures",cNoOLCsqNTE
2,"Punk rock",cNoOLCsqNTE
3,Punk,cNoOLCsqNTE
4,"Punk genres",cNoOLCsqNTE
5,"New wave music",cNoOLCsqNTE
5,"Punk rock",cNoOLCsqNTE
1,"Folk music",naZHsxmMDDY
1,"Rock music",naZHsxmMDDY
2,"Folk rock",naZHsxmMDDY
1,"Unknown genre",avkmfSKN1kk
1,"Rock music",MUKZFhsTNo8
2,"Heavy metal",MUKZFhsTNo8
3,"Symphonic black metal[1]",MUKZFhsTNo8
3,"Symphonic black metal[2]",MUKZFhsTNo8
1,"Pop music",CXxF69vmZgE
1,"Rock music",CXxF69vmZgE
1,"Electronic music",CXxF69vmZgE
1,"Sociological genres of music",CXxF69vmZgE
2,"New wave music",CXxF69vmZgE
